{
  "Add Item Post-1" : {
    "transaction" : "Add Item Post-1",
    "sampleCount" : 10,
    "errorCount" : 0,
    "errorPct" : 0.0,
    "meanResTime" : 72.60000000000001,
    "medianResTime" : 53.5,
    "minResTime" : 25.0,
    "maxResTime" : 157.0,
    "pct1ResTime" : 156.4,
    "pct2ResTime" : 157.0,
    "pct3ResTime" : 157.0,
    "throughput" : 11.049723756906078,
    "receivedKBytesPerSec" : 91.54113432320442,
    "sentKBytesPerSec" : 2.740849447513812
  },
  "Add Item Post-0" : {
    "transaction" : "Add Item Post-0",
    "sampleCount" : 10,
    "errorCount" : 0,
    "errorPct" : 0.0,
    "meanResTime" : 120.90000000000002,
    "medianResTime" : 126.0,
    "minResTime" : 36.0,
    "maxResTime" : 239.0,
    "pct1ResTime" : 233.20000000000002,
    "pct2ResTime" : 239.0,
    "pct3ResTime" : 239.0,
    "throughput" : 9.615384615384617,
    "receivedKBytesPerSec" : 3.0517578125,
    "sentKBytesPerSec" : 4.010479266826923
  },
  "Add Item Get" : {
    "transaction" : "Add Item Get",
    "sampleCount" : 10,
    "errorCount" : 0,
    "errorPct" : 0.0,
    "meanResTime" : 143.9,
    "medianResTime" : 114.0,
    "minResTime" : 45.0,
    "maxResTime" : 264.0,
    "pct1ResTime" : 263.0,
    "pct2ResTime" : 264.0,
    "pct3ResTime" : 264.0,
    "throughput" : 9.746588693957115,
    "receivedKBytesPerSec" : 50.46524731968811,
    "sentKBytesPerSec" : 4.797149122807017
  },
  "Login" : {
    "transaction" : "Login",
    "sampleCount" : 10,
    "errorCount" : 0,
    "errorPct" : 0.0,
    "meanResTime" : 152.49999999999997,
    "medianResTime" : 135.0,
    "minResTime" : 65.0,
    "maxResTime" : 307.0,
    "pct1ResTime" : 296.70000000000005,
    "pct2ResTime" : 307.0,
    "pct3ResTime" : 307.0,
    "throughput" : 9.671179883945841,
    "receivedKBytesPerSec" : 50.04646699709865,
    "sentKBytesPerSec" : 6.271155705996131
  },
  "Login-0" : {
    "transaction" : "Login-0",
    "sampleCount" : 10,
    "errorCount" : 0,
    "errorPct" : 0.0,
    "meanResTime" : 65.7,
    "medianResTime" : 64.5,
    "minResTime" : 8.0,
    "maxResTime" : 137.0,
    "pct1ResTime" : 136.1,
    "pct2ResTime" : 137.0,
    "pct3ResTime" : 137.0,
    "throughput" : 9.84251968503937,
    "receivedKBytesPerSec" : 3.623662032480315,
    "sentKBytesPerSec" : 3.921628937007874
  },
  "Login-1" : {
    "transaction" : "Login-1",
    "sampleCount" : 10,
    "errorCount" : 0,
    "errorPct" : 0.0,
    "meanResTime" : 85.5,
    "medianResTime" : 84.0,
    "minResTime" : 18.0,
    "maxResTime" : 167.0,
    "pct1ResTime" : 163.8,
    "pct2ResTime" : 167.0,
    "pct3ResTime" : 167.0,
    "throughput" : 9.910802775024777,
    "receivedKBytesPerSec" : 47.63766724479683,
    "sentKBytesPerSec" : 2.4777006937561943
  },
  "About Us" : {
    "transaction" : "About Us",
    "sampleCount" : 10,
    "errorCount" : 0,
    "errorPct" : 0.0,
    "meanResTime" : 64.3,
    "medianResTime" : 52.0,
    "minResTime" : 32.0,
    "maxResTime" : 159.0,
    "pct1ResTime" : 150.60000000000002,
    "pct2ResTime" : 159.0,
    "pct3ResTime" : 159.0,
    "throughput" : 12.004801920768308,
    "receivedKBytesPerSec" : 60.2233080732293,
    "sentKBytesPerSec" : 2.3915816326530615
  },
  "Add Item Get-1" : {
    "transaction" : "Add Item Get-1",
    "sampleCount" : 10,
    "errorCount" : 0,
    "errorPct" : 0.0,
    "meanResTime" : 63.9,
    "medianResTime" : 48.0,
    "minResTime" : 24.0,
    "maxResTime" : 160.0,
    "pct1ResTime" : 155.10000000000002,
    "pct2ResTime" : 160.0,
    "pct3ResTime" : 160.0,
    "throughput" : 9.950248756218905,
    "receivedKBytesPerSec" : 48.66293532338309,
    "sentKBytesPerSec" : 2.4098258706467663
  },
  "Add Item Get-0" : {
    "transaction" : "Add Item Get-0",
    "sampleCount" : 10,
    "errorCount" : 0,
    "errorPct" : 0.0,
    "meanResTime" : 79.2,
    "medianResTime" : 73.0,
    "minResTime" : 17.0,
    "maxResTime" : 162.0,
    "pct1ResTime" : 161.1,
    "pct2ResTime" : 162.0,
    "pct3ResTime" : 162.0,
    "throughput" : 10.15228426395939,
    "receivedKBytesPerSec" : 2.9148159898477157,
    "sentKBytesPerSec" : 2.5380710659898478
  },
  "HTTP RequestLogout" : {
    "transaction" : "HTTP RequestLogout",
    "sampleCount" : 10,
    "errorCount" : 0,
    "errorPct" : 0.0,
    "meanResTime" : 54.699999999999996,
    "medianResTime" : 45.5,
    "minResTime" : 10.0,
    "maxResTime" : 116.0,
    "pct1ResTime" : 115.7,
    "pct2ResTime" : 116.0,
    "pct3ResTime" : 116.0,
    "throughput" : 11.210762331838565,
    "receivedKBytesPerSec" : 23.023665218609864,
    "sentKBytesPerSec" : 2.6603664517937218
  },
  "Total" : {
    "transaction" : "Total",
    "sampleCount" : 130,
    "errorCount" : 0,
    "errorPct" : 0.0,
    "meanResTime" : 96.16923076923082,
    "medianResTime" : 74.0,
    "minResTime" : 8.0,
    "maxResTime" : 359.0,
    "pct1ResTime" : 184.60000000000002,
    "pct2ResTime" : 256.24999999999994,
    "pct3ResTime" : 343.1899999999999,
    "throughput" : 88.5558583106267,
    "receivedKBytesPerSec" : 372.28850902588556,
    "sentKBytesPerSec" : 30.595410422343324
  },
  "Add Item Post" : {
    "transaction" : "Add Item Post",
    "sampleCount" : 10,
    "errorCount" : 0,
    "errorPct" : 0.0,
    "meanResTime" : 194.4,
    "medianResTime" : 173.0,
    "minResTime" : 62.0,
    "maxResTime" : 359.0,
    "pct1ResTime" : 353.90000000000003,
    "pct2ResTime" : 359.0,
    "pct3ResTime" : 359.0,
    "throughput" : 9.31098696461825,
    "receivedKBytesPerSec" : 80.09176414106145,
    "sentKBytesPerSec" : 6.193079317970205
  },
  "Menu" : {
    "transaction" : "Menu",
    "sampleCount" : 10,
    "errorCount" : 0,
    "errorPct" : 0.0,
    "meanResTime" : 96.1,
    "medianResTime" : 70.5,
    "minResTime" : 41.0,
    "maxResTime" : 259.0,
    "pct1ResTime" : 246.20000000000005,
    "pct2ResTime" : 259.0,
    "pct3ResTime" : 259.0,
    "throughput" : 11.415525114155251,
    "receivedKBytesPerSec" : 87.41126212899543,
    "sentKBytesPerSec" : 2.831585331050228
  },
  "Home" : {
    "transaction" : "Home",
    "sampleCount" : 10,
    "errorCount" : 0,
    "errorPct" : 0.0,
    "meanResTime" : 56.50000000000001,
    "medianResTime" : 54.0,
    "minResTime" : 16.0,
    "maxResTime" : 89.0,
    "pct1ResTime" : 89.0,
    "pct2ResTime" : 89.0,
    "pct3ResTime" : 89.0,
    "throughput" : 12.970168612191959,
    "receivedKBytesPerSec" : 26.142996108949415,
    "sentKBytesPerSec" : 2.5332360570687418
  }
}